"","State:County","Intercept","Slope","CBER"
"1","DC:District of Columbia",6.47430002625689,0.280940044429411,50
"2","MD:Anne Arundel",10.7294032547039,0.121824943177675,37
"3","MD:Baltimore",9.34843586861427,0.294003417498002,26
"4","MD:Baltimore city",7.91462829576361,0.706117682453786,26
"5","MD:Calvert",9.26390550816382,-0.21378243480378,3
"6","MD:Caroline",11.4146764449105,0.131581284667556,0
"7","MD:Carroll",3.95989816994644,0.253493128318529,9
"8","MD:Cecil",15.2941220463461,-0.724221437152957,1
"9","MD:Charles",6.41474942730019,0.323093360451636,12
"10","MD:Dorchester",29.0651751705966,0.326961710030394,1
"11","MD:Frederick",8.24344122475097,0.16935677914229,75
"12","MD:Harford",7.72204725368078,-0.0086039523717892,4
"13","MD:Howard",6.20491608854776,0.273299729838156,97
"14","MD:Kent",7.15739826027129,-0.0929532241593673,1
"15","MD:Montgomery",9.3685343255149,0.217768650044862,643
"16","MD:Prince George's",10.451516510393,0.327756325952166,66
"17","MD:Queen Anne's",8.53932594072726,0.172936540671543,0
"18","MD:St. Mary's",2.75427154116257,0.504108449286344,0
"19","MD:Talbot",14.3639475556315,-0.565775712067789,0
"20","MD:Washington",9.12301291648391,0.35440275740727,3
"21","VA:Alexandria city",6.89277353351418,0.318052264475011,7
"22","VA:Arlington",10.3189301051167,0.0775510548752988,9
"23","VA:Clarke",6.6149050347696,-0.161077232989519,0
"24","VA:Culpeper",16.8892983264241,-0.0671453683796345,2
"25","VA:Fairfax",7.03851663999181,0.249255147095531,41
"26","VA:Fairfax city",8.00648204786595,-0.405226030177705,2
"27","VA:Falls Church city",0.225538981781713,0.0536997575670744,1
"28","VA:Fauquier",6.56514023170394,0.177436222478485,1
"29","VA:Frederick",16.0302659858796,-0.2601402813498,0
"30","VA:Fredericksburg city",6.03646250429554,0.0621758341239577,0
"31","VA:King George",3.99250473777229,0.172569801852429,0
"32","VA:Loudoun",11.3015644841015,-0.343932599596788,7
"33","VA:Manassas Park city",3.48947310842265,0.723043977420908,0
"34","VA:Manassas city",6.98097083639253,0.233081128089734,1
"35","VA:Prince William",12.2393472877702,0.234142874115295,3
"36","VA:Rappahannock",4.92045268164671,0.127803965757057,0
"37","VA:Stafford",9.06394661055118,-0.190992870687948,3
"38","VA:Warren",12.2984773417997,0.623425118708741,0
"39","VA:Westmoreland",29.127131541786,-2.26132853705115,0
"40","VA:Winchester city",14.1090478721364,0.701678425977064,0
